GRU	GRU-MM
4.436622223854064941e+02	4.778993456363677979e+02
4.436037936210632324e+02	4.647015440464019775e+02
4.568274695873260498e+02	4.852592453956604004e+02
