GRU	GRU-MM
4.030136441141797810e-01	2.775836679179427210e-02
3.913907546011723970e-01	2.685557006675314690e-02
3.742100485561535850e-01	2.618135637534442506e-02
