GRU	GRU-MM
5.165085625648498535e+02	1.187089149236679077e+03
4.976106262207031250e+02	1.156278878211975098e+03
5.166850798130035400e+02	1.196710583925247192e+03
