GRU	GRU-MM
2.764309996127966781e-02	6.798554471328258433e-05
2.403880265812949335e-02	3.318827983203547329e-04
1.007402463150261357e-01	9.858190698334962738e-05
