GRU	GRU-MM
1.021859907150268555e+03	8.510878789424896240e+02
1.092002831459045410e+03	8.595458500385284424e+02
1.075673174619674683e+03	8.989042358398437500e+02
