GRU	GRU-MM
4.271945049998958077e-01	2.159132522362754505e-02
4.459830655616084938e-01	1.925446166411487817e-02
4.640629330349307358e-01	1.960001704191275881e-02
