GRU	GRU-MM
5.102997740165878149e+00	5.103475414835281221e+00
2.816532970377148715e+01	2.819682821523381477e+01
1.204670678172525156e+00	1.189855279986533843e+00
