GRU	GRU-MM
1.206454180431365967e+04	2.746810371041297913e+04
1.226861549711227417e+04	2.742892327761650085e+04
1.210828921127319336e+04	2.723447138905525208e+04
